{
  "pre_2002_p": 0.0023,
  "post_2002_p": 0.1315,
  "effect_pre": -0.09768,
  "effect_post": -0.08524,
  "survived_publication": false
}