{
  "sn_annual_return_r": -0.0531,
  "sn_annual_return_p": 0.6014,
  "sn_volatility_r": -0.1647,
  "sn_volatility_p": 0.1032,
  "solar_max_return": 6.33,
  "solar_min_return": 12.06,
  "interaction_results": {
    "1": {
      "high": -0.03398,
      "low": 0.08767,
      "p": 0.029
    },
    "2": {
      "high": -0.05855,
      "low": -0.01639,
      "p": 0.4805
    },
    "3": {
      "high": 0.07404,
      "low": 0.00618,
      "p": 0.3263
    },
    "4": {
      "high": 0.0043,
      "low": 0.06306,
      "p": 0.3709
    },
    "5": {
      "high": 0.04912,
      "low": 0.00569,
      "p": 0.4725
    },
    "6": {
      "high": 0.00321,
      "low": 0.05368,
      "p": 0.4165
    },
    "7": {
      "high": 0.06634,
      "low": 0.06553,
      "p": 0.989
    },
    "8": {
      "high": 0.01615,
      "low": 0.06467,
      "p": 0.4
    },
    "9": {
      "high": -0.11253,
      "low": -0.05433,
      "p": 0.3844
    },
    "10": {
      "high": 0.07928,
      "low": -0.00597,
      "p": 0.301
    },
    "11": {
      "high": 0.10342,
      "low": 0.05293,
      "p": 0.4499
    },
    "12": {
      "high": 0.04455,
      "low": 0.0525,
      "p": 0.8878
    }
  }
}